id,title,title_en,title_jp,source,members,score,format,episodes,season,year,starting_at,airing_day,studio,official_site,twitter_username
21,One Piece,One Piece,ONE PIECE,Manga,2342119,8.72,TV,,fall,1999.0,1999-10-20T00:00:00+00:00,Sundays,Toei Animation,http://www.toei-anim.co.jp/tv/onep/,OnePieceAnime
235,Meitantei Conan,Case Closed,名探偵コナン,Manga,347728,8.17,TV,,winter,1996.0,1996-01-08T00:00:00+00:00,Saturdays,TMS Entertainment,http://www.ytv.co.jp/conan/,
49458,Kono Subarashii Sekai ni Shukufuku wo! 3,KonoSuba: God's Blessing on This Wonderful World! 3,この素晴らしい世界に祝福を！3,Light novel,290543,,TV,11.0,spring,2024.0,2024-04-10T00:00:00+00:00,Wednesdays,Drive,http://konosuba.com/,konosubaanime
55701,Kimetsu no Yaiba: Hashira Geiko-hen,Demon Slayer: Kimetsu no Yaiba Hashira Training Arc,鬼滅の刃 柱稽古編,Manga,246652,,TV,,spring,2024.0,2024-05-12T00:00:00+00:00,Sundays,ufotable,https://kimetsu.com/anime/hashirageikohen/,kimetsu_off
53580,Tensei shitara Slime Datta Ken 3rd Season,That Time I Got Reincarnated as a Slime Season 3,転生したらスライムだった件 第3期,Manga,224793,8.44,TV,24.0,spring,2024.0,2024-04-05T00:00:00+00:00,Fridays,8bit,https://www.ten-sura.com/anime/tensura,ten_sura_anime
55888,Mushoku Tensei II: Isekai Ittara Honki Dasu Part 2,Mushoku Tensei: Jobless Reincarnation Season 2 Part 2,無職転生 II ～異世界行ったら本気だす～ (第2クール),Light novel,213186,8.41,TV,12.0,spring,2024.0,2024-04-08T00:00:00+00:00,Mondays,Studio Bind,https://mushokutensei.jp/,mushokutensei_A
52701,Dungeon Meshi,Delicious in Dungeon,ダンジョン飯,Manga,202814,8.01,TV,24.0,winter,2024.0,2024-01-04T00:00:00+00:00,Thursdays,Trigger,https://delicious-in-dungeon.com/,dun_meshi_anime
49889,Tsuki ga Michibiku Isekai Douchuu 2nd Season,Tsukimichi: Moonlit Fantasy Season 2,月が導く異世界道中 第二幕,Light novel,190636,7.77,TV,25.0,winter,2024.0,2024-01-08T00:00:00+00:00,Mondays,J.C.Staff,https://tsukimichi.com/,tsukimichi_PR
54789,Boku no Hero Academia 7th Season,My Hero Academia Season 7,僕のヒーローアカデミア 第7期,Manga,178466,,TV,,spring,2024.0,2024-05-04T00:00:00+00:00,Saturdays,Bones,https://heroaca.com/,heroaca_anime
52588,Kaijuu 8-gou,Kaiju No. 8,怪獣8号,Manga,122569,,TV,,spring,2024.0,2024-04-13T00:00:00+00:00,Saturdays,Production I.G,https://kaiju-no8.net/,KaijuNo8_O
48418,"Maou Gakuin no Futekigousha II: Shijou Saikyou no Maou no Shiso, Tensei shite Shison-tachi no Gakkou e Kayou Part 2",The Misfit of Demon King Academy II Part 2,魔王学院の不適合者 II ～史上最強の魔王の始祖、転生して子孫たちの学校へ通う～ 第2クール,Light novel,116651,,TV,,spring,2024.0,2024-04-12T00:00:00+00:00,Fridays,SILVER LINK.,https://maohgakuin.com/,maohgakuin
56285,Ninja Kamui,,,Original,115763,8.01,TV,12.0,winter,2024.0,2024-02-11T00:00:00+00:00,Sundays,E&H Production,,
51122,Ookami to Koushinryou: Merchant Meets the Wise Wolf,Spice and Wolf: Merchant Meets the Wise Wolf,狼と香辛料 MERCHANT MEETS THE WISE WOLF,Light novel,111598,8.27,TV,25.0,spring,2024.0,2024-04-02T00:00:00+00:00,Tuesdays,Passione,https://spice-and-wolf.com/,Spicy_Wolf_Prj
52742,Haikyuu!! Movie: Gomisuteba no Kessen,Haikyu!! Movie: Battle of the Garbage Dump,劇場版ハイキュー!! ゴミ捨て場の決戦,Manga,99174,8.25,Movie,2.0,,,2024-02-16T00:00:00+00:00,,Production I.G,https://haikyu.jp/movie/,animehaikyu_com
54900,Wind Breaker,,WIND BREAKER,Web manga,85206,7.94,TV,13.0,spring,2024.0,2024-04-05T00:00:00+00:00,Fridays,CloverWorks,https://wb-anime.net/,winbre_sakura
966,Crayon Shin-chan,Shin Chan,クレヨンしんちゃん,Manga,83616,7.79,TV,,spring,1992.0,1992-04-13T00:00:00+00:00,Fridays,Shin-Ei Animation,http://www.tv-asahi.co.jp/shinchan/,
50713,Mahouka Koukou no Rettousei 3rd Season,The Irregular at Magic High School Season 3,魔法科高校の劣等生 第3シーズン,Light novel,76694,7.73,TV,,spring,2024.0,2024-04-05T00:00:00+00:00,Fridays,8bit,https://mahouka.jp/3rd/,mahouka_anime
37885,Super Dragon Ball Heroes,,スーパードラゴンボールヒーローズ,Game,74657,5.33,ONA,,,,2018-07-01T00:00:00+00:00,,Toei Animation/ Dimps,http://www.carddass.com/dbh/,
52196,Date A Live V,Date A Live V,デート・ア・ライブⅤ,Light novel,72728,,TV,12.0,spring,2024.0,2024-04-10T00:00:00+00:00,Wednesdays,Geek Toys,https://date-a-live5th-anime.com/,date_a_info
55597,Hananoi-kun to Koi no Yamai,A Condition Called Love,花野井くんと恋の病,Manga,59448,7.24,TV,12.0,spring,2024.0,2024-04-04T00:00:00+00:00,Thursdays,East Fish Studio,https://hananoikun-pr.com/,hananoikun_pr
53516,"Tensei shitara Dainana Ouji Datta node, Kimama ni Majutsu wo Kiwamemasu",I Was Reincarnated as the 7th Prince so I Can Take My Time Perfecting My Magical Ability,転生したら第七王子だったので、気ままに魔術を極めます,Light novel,58206,6.86,TV,,spring,2024.0,2024-04-02T00:00:00+00:00,Tuesdays,Tsumugi Akita Animation Lab,https://dainanaoji.com/,dainanaoji_pro
53410,Yuru Camp△ Season 3,Laid-Back Camp Season 3,ゆるキャン△ SEASON3,Manga,57579,8.48,TV,12.0,spring,2024.0,2024-04-04T00:00:00+00:00,Thursdays,8bit,https://yurucamp.jp/third/,yurucamp_anime
53770,Sentai Daishikkaku,Go! Go! Loser Ranger!,戦隊大失格,Manga,57237,7.44,TV,12.0,spring,2024.0,2024-04-07T00:00:00+00:00,Sundays,Yostar Pictures,https://anime-sentai-daishikkaku.com/,anime_sentai
53434,"Maou no Ore ga Dorei Elf wo Yome ni Shitanda ga, Dou Medereba Ii?",An Archdemon's Dilemma: How to Love Your Elf Bride,魔王の俺が奴隷エルフを嫁にしたんだが、どう愛でればいい？,Light novel,55651,7.51,TV,12.0,spring,2024.0,2024-04-05T00:00:00+00:00,Fridays,Brain's Base,https://madome-anime.com/,madome_PR
44042,Holo no Graffiti,Holo Graffiti,ホロのぐらふぃてぃ,Other,54952,8.18,ONA,,,,2019-05-05T00:00:00+00:00,,Hololive Production,https://www.hololive.tv,
56230,Jiisan Baasan Wakagaeru,Grandpa and Grandma Turn Young Again,じいさんばあさん若返る,Web manga,54815,7.23,TV,11.0,spring,2024.0,2024-04-07T00:00:00+00:00,Sundays,Gekkou,https://jisanbasan.com/,jisanbasan_prj
53407,Bartender: Kami no Glass,Bartender: Glass of God,バーテンダー 神のグラス,Manga,52872,7.59,TV,,spring,2024.0,2024-04-04T00:00:00+00:00,Thursdays,Liber,https://bartender-anime.com/,bartender_anime
53835,Unnamed Memory,Unnamed Memory,Unnamed Memory,Light novel,52612,7.4,TV,12.0,spring,2024.0,2024-04-09T00:00:00+00:00,Tuesdays,ENGI,https://unnamedmemory.com/,Project_UM
55357,Bocchi the Rock! Movie,,ぼっち・ざ・ろっく！劇場総集編,4-koma manga,52277,,Movie,2.0,,,2024-06-07T00:00:00+00:00,,CloverWorks,https://bocchi.rocks/,BTR_anime
56690,Re:Monster,,Re:Monster,Light novel,48984,7.36,TV,,spring,2024.0,2024-04-05T00:00:00+00:00,Fridays,Studio Deen,https://re-monster.com/,ReMonster_anime
54233,Sasayaku You ni Koi wo Utau,Whisper Me a Love Song,ささやくように恋を唄う,Manga,48823,,TV,12.0,spring,2024.0,2024-04-14T00:00:00+00:00,Sundays,Yokohama Animation Lab/ Cloud Hearts,https://sasakoi-anime.com/,sasakoi_anime
56923,Lv2 kara Cheat datta Motoyuusha Kouho no Mattari Isekai Life,Chillin' in Another World with Level 2 Super Cheat Powers,Lv2からチートだった元勇者候補のまったり異世界ライフ,Light novel,45897,7.05,TV,,spring,2024.0,2024-04-08T00:00:00+00:00,Mondays,J.C.Staff,https://lv2-cheat.com/,Lv2cheat_anime
39894,Hibike! Euphonium 3,Sound! Euphonium 3,響け！ユーフォニアム3,Novel,45699,8.54,TV,13.0,spring,2024.0,2024-04-07T00:00:00+00:00,Sundays,Kyoto Animation,http://www.anime-eupho.com/,anime_eupho
50869,Kami wa Game ni Ueteiru.,Gods' Game We Play,神は遊戯に飢えている。,Light novel,45666,6.27,TV,13.0,spring,2024.0,2024-04-01T00:00:00+00:00,Mondays,LIDENFILMS,https://godsgame-anime.com/,kami_to_game
53865,Yozakura-san Chi no Daisakusen,Mission: Yozakura Family,夜桜さんちの大作戦,Manga,44778,7.4,TV,27.0,spring,2024.0,2024-04-07T00:00:00+00:00,Sundays,SILVER LINK.,https://mission-yozakura-family.com/,OfficialHitsuji
55855,Kuroshitsuji: Kishuku Gakkou-hen,Black Butler: Public School Arc,黒執事 -寄宿学校編-,Manga,43047,,TV,,spring,2024.0,2024-04-13T00:00:00+00:00,Saturdays,CloverWorks,https://www.kuroshitsuji.tv/,kuroshitsuji_pr
55265,"Tensei Kizoku, Kantei Skill de Nariagaru","As a Reincarnated Aristocrat, I'll Use My Appraisal Skill to Rise in the World",転生貴族、鑑定スキルで成り上がる,Light novel,41536,7.2,TV,12.0,spring,2024.0,2024-04-07T00:00:00+00:00,Sundays,studio MOTHER,https://kanteiskill.com/,kanteiskill
9874,Touhou Niji Sousaku Doujin Anime: Musou Kakyou,,東方二次創作同人アニメ 夢想夏郷,Game,40291,7.37,OVA,,,,2008-12-29T00:00:00+00:00,,,http://maikaze.com/musoukakyo/,
54829,Urusei Yatsura (2022) 2nd Season,,うる星やつら第2期,Manga,38059,7.75,TV,23.0,winter,2024.0,2024-01-12T00:00:00+00:00,Fridays,David Production,https://uy-allstars.com/,uy_allstars
36064,Fate/Grand Order,Fate/Grand Order,Fate/Grand Order,Game,36498,7.59,CM,,,,2014-12-27T00:00:00+00:00,,ufotable/ Shaft/ A-1 Pictures/ SILVER LINK./ Lerche/ Wit Studio/ Lay-duce/ CloverWorks/ Drive/ Ijigen Tokyo,http://www.fate-go.jp/gallery/,
54839,Yoru no Kurage wa Oyogenai,Jellyfish Can't Swim in the Night,夜のクラゲは泳げない,Original,36235,8.0,TV,12.0,spring,2024.0,2024-04-07T00:00:00+00:00,Sundays,Doga Kobo,https://yorukura-anime.com/,yorukura_anime
55717,Dekisokonai to Yobareta Motoeiyuu wa Jikka kara Tsuihou sareta node Sukikatte ni Ikiru Koto ni Shita,The Banished Former Hero Lives as He Pleases,出来損ないと呼ばれた元英雄は、実家から追放されたので好き勝手に生きることにした,Light novel,36159,5.34,TV,,spring,2024.0,2024-04-02T00:00:00+00:00,Tuesdays,Studio Deen/ Marvy Jack,https://dekisoko-anime.com/,dekisoko_pr
54866,Blue Lock: Episode Nagi,Blue Lock: Episode Nagi,ブルーロック-EPISODE 凪-,Manga,33634,,Movie,1.0,,,2024-04-19T00:00:00+00:00,,8bit,https://bluelock-pr.com/,BLUELOCK_PR
54309,Blue Archive the Animation,,ブルーアーカイブ The Animation,Game,33499,8.04,TV,,spring,2024.0,2024-04-07T00:00:00+00:00,Sundays,Yostar Pictures/ Studio CANDY BOX,https://anime.shochiku.co.jp/bluearchive-anime/,BlueArchive_TV
56838,"One Room, Hiatari Futsuu, Tenshi-tsuki.","Studio Apartment, Good Lighting, Angel Included",ワンルーム、日当たり普通、天使つき。,Manga,31702,7.09,TV,12.0,spring,2024.0,2024-04-06T00:00:00+00:00,Saturdays,Okuruto Noboru,https://tenshitsuki.com/,tenshitsuki_off
56738,Shinigami Bocchan to Kuro Maid 3rd Season,The Duke of Death and His Maid Season 3,死神坊ちゃんと黒メイド 第3期,Web manga,28406,7.64,TV,,spring,2024.0,2024-04-07T00:00:00+00:00,Sundays,J.C.Staff,https://bocchan-anime.com/,bocchan_anime
53876,Pokemon (2023),Pokémon Horizons: The Series,ポケットモンスター(2023),Game,28245,7.41,TV,,spring,2023.0,2023-04-14T00:00:00+00:00,Fridays,OLM,https://www.tv-tokyo.co.jp/anime/pocketmonster2023/,anipoke_PR
54199,Kaii to Otome to Kamikakushi,,怪異と乙女と神隠し,Web manga,26734,6.84,TV,12.0,spring,2024.0,2024-04-10T00:00:00+00:00,Wednesdays,Zero-G,https://totokami.com/,totokamiPR
53356,Shuumatsu Train Doko e Iku?,Train to the End of the World,終末トレインどこへいく？,Original,26009,7.29,TV,12.0,spring,2024.0,2024-04-01T00:00:00+00:00,Mondays,EMT Squared,https://shumatsu-train.com/,shumatsu_train
55911,The Fable,The Fable,ザ・ファブル,Manga,25332,6.81,TV,25.0,spring,2024.0,2024-04-07T00:00:00+00:00,Sundays,Tezuka Productions,https://www.vap.co.jp/the-fable-anime/,the_fable_anime
57100,The New Gate,The New Gate,THE NEW GATE,Light novel,25331,,TV,,spring,2024.0,2024-04-14T00:00:00+00:00,Sundays,Yokohama Animation Lab/ Cloud Hearts,https://the-new-gate-pr.com/,thenewgateanime
53912,Seiyuu Radio no Uraomote,The Many Sides of Voice Actor Radio,声優ラジオのウラオモテ,Light novel,22586,6.78,TV,12.0,spring,2024.0,2024-04-10T00:00:00+00:00,Wednesdays,Connect,https://seiyuradio-anime.com/,sayyouradio_prj
55877,Henjin no Salad Bowl,A Salad Bowl of Eccentrics,変人のサラダボウル,Light novel,21227,7.11,TV,12.0,spring,2024.0,2024-04-05T00:00:00+00:00,Fridays,SynergySP/ Studio Comet,https://www.tbs.co.jp/anime/hensara/,hensara_anime
51358,Dead Dead Demons Dededede Destruction,Dead Dead Demons Dededede Destruction,デッドデッドデーモンズデデデデデストラクション,Manga,21146,,Movie,2.0,,,2024-03-22T00:00:00+00:00,,Production +h.,https://dededede.jp,DEDEDEDEanime
55102,Girls Band Cry,,ガールズバンドクライ,Original,20385,7.63,TV,,spring,2024.0,2024-04-06T00:00:00+00:00,Saturdays,Toei Animation,https://girls-band-cry.com/,girlsbandcry
57031,Vampire Dormitory,,ヴァンパイア男子寮,Manga,20361,6.4,TV,12.0,spring,2024.0,2024-04-07T00:00:00+00:00,Sundays,Studio Blanc.,https://www.vampire-dormitory.com/,vampiredorm_PR
8687,Doraemon (2005),,ドラえもん (2005),Manga,19716,7.68,TV,,spring,2005.0,2005-04-22T00:00:00+00:00,Fridays,Shin-Ei Animation,http://www.tv-asahi.co.jp/doraemon/,
56835,Code Geass: Dakkan no Rozé,,コードギアス 奪還のロゼ,Original,18375,,Movie,4.0,,,2024-05-10T00:00:00+00:00,,Sunrise,https://geass.jp/roze/,GEASSPROJECT
56768,"Tadaima, Okaeri",,ただいま、おかえり,Manga,16817,7.15,TV,12.0,spring,2024.0,2024-04-09T00:00:00+00:00,Tuesdays,Studio Deen,https://tadaoka-anime.com/,TadaOka_anime
57391,Astro Note,,アストロノオト,Original,16461,6.6,TV,12.0,spring,2024.0,2024-04-05T00:00:00+00:00,Fridays,Telecom Animation Film,https://sh-anime.shochiku.co.jp/astro-note/,AstroNote_anime
57391,Astro Note,,アストロノオト,Original,16461,6.6,TV,12.0,spring,2024.0,2024-04-05T00:00:00+00:00,Fridays,Telecom Animation Film,https://sh-anime.shochiku.co.jp/astro-note/,AstroNote_anime
58125,Look Back,,ルックバック,Manga,15122,,Movie,1.0,,,2024-06-28T00:00:00+00:00,,Studio DURIAN,https://lookback-anime.com/,lookback_anime
58080,Kenka Dokugaku,Viral Hit,喧嘩独学,Web manga,14974,,TV,,spring,2024.0,2024-04-11T00:00:00+00:00,Thursdays,Okuruto Noboru,https://kenkadokugaku.com/,kenkadokugaku_A
23539,Gudetama,The Lazy Egg,ぐでたま,Original,12951,7.05,TV,,spring,2014.0,2014-03-31T00:00:00+00:00,,Gathering,http://www.sanrio.co.jp/character/gudetama/,
35300,Magia Record: Mahou Shoujo Madoka☆Magica Gaiden PVs,Puella Magi Madoka Magica Side Story: Magia Record,マギアレコード 魔法少女まどか☆マギカ外伝,Game,12462,6.3,PV,,,,2016-09-30T00:00:00+00:00,,Shaft,http://magireco.com/,
52405,Highspeed Etoile,Highspeed Etoile,HIGHSPEED Étoile（ハイスピードエトワール）,Original,11965,5.17,TV,12.0,spring,2024.0,2024-04-06T00:00:00+00:00,Saturdays,Studio A-CAT,https://highspeed-etoile.com/,HSE_Project_PR
54803,Captain Tsubasa Season 2: Junior Youth-hen,Captain Tsubasa: Junior Youth Arc,キャプテン翼シーズン2 ジュニアユース編,Manga,11942,7.38,TV,39.0,fall,2023.0,2023-10-01T00:00:00+00:00,Sundays,Studio Kai,https://ball-ha-tomodachi.com/jryouth/,
51461,Tonari no Youkai-san,,となりの妖怪さん,Web manga,10612,7.03,TV,,spring,2024.0,2024-04-07T00:00:00+00:00,Sundays,LIDENFILMS,https://tonari-no-yokai-san.com/,TonarinoYokai3
57508,Trapezium,,トラペジウム,Novel,10513,,Movie,1.0,,,2024-05-10T00:00:00+00:00,,CloverWorks,https://trapezium-movie.com/,trapezium_movie
57508,Trapezium,,トラペジウム,Novel,10513,,Movie,1.0,,,2024-05-10T00:00:00+00:00,,CloverWorks,https://trapezium-movie.com/,trapezium_movie
56980,Karasu wa Aruji wo Erabanai,Yatagarasu: The Raven Does Not Choose Its Master,烏は主を選ばない,Novel,10250,,TV,20.0,spring,2024.0,2024-04-06T00:00:00+00:00,Saturdays,Pierrot,https://www.nhk-character.com/karasu/,nep_yatagarasu
47794,MILGЯAM,MILGRAM,ミルグラム,Other,10172,8.07,Music,,,,2020-05-01T00:00:00+00:00,,OTOIRO,https://milgram.jp/,milgram_info
56165,Boukyaku Battery (TV),Oblivion Battery,忘却バッテリー,Manga,10069,6.68,TV,12.0,spring,2024.0,2024-04-10T00:00:00+00:00,Wednesdays,MAPPA,https://boukyaku-battery.com/,boukyakubattery
47405,Wanmei Shijie,Perfect World,完美世界,Novel,9678,7.58,ONA,182.0,,,2021-04-23T00:00:00+00:00,,Foch Films,https://v.qq.com/x/cover/mcv8hkc8zk8lnov/x0036x5qqsr.html,
48651,Sakusei Byoutou The Animation,,搾精病棟 THE ANIMATION,Other,9666,7.06,OVA,,,,2021-04-30T00:00:00+00:00,,Seven,,
15407,Magical Suite Prism Nana,,まじかるすいーとプリズム・ナナ,Original,9444,5.86,OVA,7.0,,,2015-11-29T00:00:00+00:00,,Shaft,http://www.prism-nana.com/,
57160,Sand Land: The Series,,SAND LAND: THE SERIES,Manga,8693,7.59,ONA,13.0,,,2024-03-20T00:00:00+00:00,,Sunrise/ Anima/ Kamikaze Douga,https://sandland.jp/theseries/,sandland_pj_jp
58510,Hanma Baki vs. Kengan Ashura,,範馬刃牙VSケンガンアシュラ,Original,8385,,ONA,1.0,,,2024-06-06T00:00:00+00:00,,TMS Entertainment,,
58510,Hanma Baki vs. Kengan Ashura,,範馬刃牙VSケンガンアシュラ,Original,8385,,ONA,1.0,,,2024-06-06T00:00:00+00:00,,TMS Entertainment,,
2406,Sazae-san,Mrs. Sazae,サザエさん,4-koma manga,8369,6.13,TV,,fall,1969.0,1969-10-05T00:00:00+00:00,Sundays,Eiken,http://www.eiken-anime.jp/works/works014.html,
36686,Hifuu Katsudou Kiroku: The Sealed Esoteric History,Hifuu Club Activity Record: The Sealed Esoteric History,秘封活動記録 The Sealed Esoteric History,Game,8254,7.3,OVA,,,,2015-12-29T00:00:00+00:00,,,http://kyotofantasytroupe.net/,
40855,Hajimete no Hitozuma,,初めてのヒトヅマ,Manga,8239,6.78,OVA,,,,2020-05-22T00:00:00+00:00,,New Generation,,
49944,Shishunki no Obenkyou,,思春期のお勉強,Manga,8228,7.53,OVA,,,,2021-12-17T00:00:00+00:00,,Studio 1st,,
51859,Touken Ranbu Kai: Kyoden Moyuru Honnouji,,刀剣乱舞 廻 -虚伝 燃ゆる本能寺-,Other,8169,5.89,TV,8.0,spring,2024.0,2024-04-02T00:00:00+00:00,Tuesdays,domerica,https://touken-kai.jp/,touken_kai
49210,Grimm Kumikyoku,The Grimm Variations,グリム組曲,Original,7746,,ONA,6.0,,,2024-04-17T00:00:00+00:00,,Wit Studio,,
1199,Nintama Rantarou,,忍たま乱太郎,Manga,7603,7.11,TV,,spring,1993.0,1993-04-10T00:00:00+00:00,,Ajia-do,http://www3.nhk.or.jp/anime/nintama/,
34454,Granblue Fantasy CMs,,グランブルーファンタジー CMs,Game,7360,6.39,CM,,,,2013-11-08T00:00:00+00:00,,,http://granbluefantasy.jp/,
48824,Blue Archive PVs,,ブルーアーカイブ,Game,6769,7.19,PV,,,,2021-01-25T00:00:00+00:00,,Yostar Pictures,https://bluearchive.jp/,
51039,Doupo Cangqiong: Nian Fan,Fights Break Sphere 5th Season,斗破苍穹年番,Novel,6615,8.1,ONA,104.0,,,2022-07-31T00:00:00+00:00,,Motion Magic,https://v.qq.com/x/cover/mzc0020027yzd9e/q0043cz9x20.html,
42163,Arknights,Arknights,アークナイツ,Game,6527,7.15,PV,,,,2019-11-19T00:00:00+00:00,,Yostar Pictures,https://www.arknights.jp/,
54758,The iDOLM@STER Shiny Colors,,アイドルマスター シャイニーカラーズ,Game,6386,6.48,TV,12.0,spring,2024.0,2024-04-06T00:00:00+00:00,Saturdays,Polygon Pictures,https://shinycolors-anime.idolmaster-official.jp/,shinyc_official
57519,Boku no Hero Academia: Memories,,僕のヒーローアカデミア Memories,Manga,6148,6.58,TV Special,4.0,,,2024-04-06T00:00:00+00:00,,Bones,https://heroaca.com/,heroaca_anime
29643,6HP (Six Hearts Princess),,6HP(シックスハートプリンセス),Original,6069,6.0,TV Special,,,,2016-12-30T00:00:00+00:00,,Poncotan,,
6149,Chibi Maruko-chan (1995),Little Miss Maruko,ちびまる子ちゃん,Manga,5986,7.32,TV,,winter,1995.0,1995-01-08T00:00:00+00:00,Sundays,Nippon Animation,http://www.nippon-animation.co.jp/na/maruko/,
54859,Rinkai!,,リンカイ!,Mixed media,5935,5.67,TV,12.0,spring,2024.0,2024-04-09T00:00:00+00:00,Tuesdays,TMS Entertainment,https://rinkai-pj.com/,rinkai_pj
50607,Yu☆Gi☆Oh! Go Rush!!,,遊☆戯☆王ゴーラッシュ!!,Card game,5825,5.76,TV,,spring,2022.0,2022-04-03T00:00:00+00:00,Sundays,Bridge,https://www.tv-tokyo.co.jp/anime/yugioh-gorush/,yugioh_anime
55194,Ooi! Tonbo,,オーイ！とんぼ,Manga,5657,6.55,TV,,spring,2024.0,2024-04-06T00:00:00+00:00,Saturdays,OLM,https://tonbo-anime.com/,anime_tonbo
41409,Wushen Zhuzai,The God of War Dominates,武神主宰,Novel,5468,7.38,ONA,496.0,,,2020-03-08T00:00:00+00:00,,Ruo Hong Culture,https://v.qq.com/detail/7/7q544xyrava3vxf.html,
53702,Imouto wa Gal Kawaii,,いもうとはGALかわいい,Light novel,5032,6.86,OVA,,,,2023-02-03T00:00:00+00:00,,New Generation,,
57647,Uma Musume: Pretty Derby - Shin Jidai no Tobira,Uma Musume: Pretty Derby - Beginning of a New Era,ウマ娘 プリティーダービー 新時代の扉,Game,4987,,Movie,1.0,,,2024-05-24T00:00:00+00:00,,CygamesPictures,https://movie-umamusume.jp/,uma_musu_movie
57647,Uma Musume: Pretty Derby - Shin Jidai no Tobira,Uma Musume: Pretty Derby - Beginning of a New Era,ウマ娘 プリティーダービー 新時代の扉,Game,4987,,Movie,1.0,,,2024-05-24T00:00:00+00:00,,CygamesPictures,https://movie-umamusume.jp/,uma_musu_movie
55547,Kono Koi ni Kizuite The Animation,,この恋に気づいて THE ANIMATION,Manga,4957,7.85,OVA,,,,2023-08-25T00:00:00+00:00,,Seven,https://www.pinkpineapple.co.jp/detail.php?cid=4&did=2412,
49987,Papa Katsu!,,パパ喝ッ!,Original,4907,6.42,OVA,,,,2021-12-24T00:00:00+00:00,,Nur,,
54040,Tousouchuu: Great Mission,Run For Money : The Great Mission,逃走中 グレートミッション,Other,4851,5.66,TV,,spring,2023.0,2023-04-02T00:00:00+00:00,Sundays,Toei Animation,https://www.toei-anim.co.jp/tv/tosochu_gm/,tosochu_gm
57390,Wonderful Precure!,Wonderful Precure!,わんだふるぷりきゅあ!,Original,4741,7.39,TV,,winter,2024.0,2024-02-04T00:00:00+00:00,Sundays,Toei Animation,https://www.toei-anim.co.jp/tv/wonderful_precure/,TVanime_precure
57390,Wonderful Precure!,Wonderful Precure!,わんだふるぷりきゅあ!,Original,4741,7.39,TV,,winter,2024.0,2024-02-04T00:00:00+00:00,Sundays,Toei Animation,https://www.toei-anim.co.jp/tv/wonderful_precure/,TVanime_precure
53204,Isekai Kita no de Sukebe Skill de Zenryoku Ouka Shiyou to Omou The Animation,,異世界来たのでスケベスキルで全力謳歌しようと思う THE ANIMATION,Manga,4581,7.18,OVA,,,,2022-12-27T00:00:00+00:00,,Shion,https://www.pinkpineapple.co.jp/detail.php?did=2374,
53725,Class de Otoko wa Boku Ichinin!?,,クラスで男は僕一人!?,Manga,4531,7.24,OVA,,,,2023-03-03T00:00:00+00:00,,T-Rex,,
56785,Meitantei Conan Movie 27: 100-man Dollar no Michishirube,Detective Conan Movie 27,名探偵コナン 100万ドルの五稜星,Manga,4521,,Movie,1.0,,,2024-04-12T00:00:00+00:00,,TMS Entertainment,https://www.conan-movie.jp/,conan_movie
52104,Boku wa Chiisana Succubus no Shimobe,,僕は小さな淫魔〈サキュバス〉のしもべ,Manga,4484,7.14,OVA,,,,2022-08-05T00:00:00+00:00,,New Generation,,
50487,Kimi wa Yasashiku Netorareru The Animation,,キミはやさしく寝取られる THE ANIMATION,Manga,4450,6.07,OVA,,,,2022-02-25T00:00:00+00:00,,Seven,https://www.pinkpineapple.co.jp/detail.php?did=2316,
54629,Maid Kyouiku: Botsuraku Kizoku Rurikawa Tsubaki The Animation,,メイド教育。－没落貴族 瑠璃川椿－ THE ANIMATION,Manga,4428,6.97,OVA,,,,2023-05-26T00:00:00+00:00,,Studio 1st,https://www.pinkpineapple.co.jp/detail.php?cid=4&did=2390,
58449,Suki demo Kirai na Amanojaku,My Oni Girl,好きでも嫌いなあまのじゃく,Original,4302,,Movie,1.0,,,2024-05-24T00:00:00+00:00,,Studio Colorido,https://www.amanojaku-movie.com/,
53492,Otogibanashi no Onigokko,,おとぎばなしの鬼ごっこ,Game,4186,6.03,OVA,,,,2023-01-27T00:00:00+00:00,,Majin,,
57623,Nijiyon Animation 2,,にじよん あにめーしょん2,4-koma manga,4160,6.85,TV,12.0,spring,2024.0,2024-04-05T00:00:00+00:00,Fridays,Sunrise,https://www.lovelive-anime.jp/nijigasaki/niji4anime.php,LoveLive_staff
57623,Nijiyon Animation 2,,にじよん あにめーしょん2,4-koma manga,4160,6.85,TV,12.0,spring,2024.0,2024-04-05T00:00:00+00:00,Fridays,Sunrise,https://www.lovelive-anime.jp/nijigasaki/niji4anime.php,LoveLive_staff
57993,Oomuro-ke: Dear Friends,,大室家 dear friends,Manga,4083,,Movie,1.0,,,2024-06-21T00:00:00+00:00,,Passione/ Studio Lings,https://ohmuroke.com,omrk_movie
57993,Oomuro-ke: Dear Friends,,大室家 dear friends,Manga,4083,,Movie,1.0,,,2024-06-21T00:00:00+00:00,,Passione/ Studio Lings,https://ohmuroke.com,omrk_movie
1960,Sore Ike! Anpanman,,それいけ！アンパンマン,Picture book,4010,6.8,TV,,fall,1988.0,1988-10-03T00:00:00+00:00,Fridays,TMS Entertainment,http://www.ntv.co.jp/anpanman/,
53724,Majo wa Kekkyoku Sono Kyaku to... The Animation,,魔女は結局その客と... THE ANIMATION,Manga,4006,6.9,OVA,,,,2023-02-24T00:00:00+00:00,,Studio 1st,,
53258,Mama Katsu: Midareru Mama-tachi no Himitsu,,ママ喝っ,Original,3901,6.82,OVA,,,,2022-12-23T00:00:00+00:00,,Nur,,
50051,Abandon: 100 Nuki Shinai to Derarenai Fushigi na Kyoushitsu,,Abandon -100ヌキしないと出られない不思議な教室-,Manga,3710,6.34,OVA,,,,2022-03-11T00:00:00+00:00,,Rabbit Gate,,
50250,Chiikawa,,ちいかわ,Web manga,3591,6.85,TV,,spring,2022.0,2022-04-04T00:00:00+00:00,Fridays,Doga Kobo,https://www.anime-chiikawa.jp/,ngnchiikawa
52684,Shen Yin Wangzuo 2nd Season,Throne of Seal 2nd Season,神印王座 第二季,Web novel,3581,8.03,ONA,78.0,,,2022-11-10T00:00:00+00:00,,Shenman Entertainment,,
57478,Kuramerukagari,,クラメルカガリ,Original,3468,,Movie,1.0,,,2024-04-12T00:00:00+00:00,,Team OneOne,https://www.kurayukaba.jp/,
58091,Gintama on Theater 2D: Ikkoku Keisei-hen,,銀魂オンシアター2D 一国傾城篇,Manga,3341,,Movie,1.0,,,2024-06-21T00:00:00+00:00,,Bandai Namco Pictures,https://anime-gintama.com/on_theater_2d/ikkokukeisei/,gintamamovie
42267,Dubu Xiaoyao,,独步逍遥,Novel,3236,6.8,ONA,,,,2020-06-18T00:00:00+00:00,,Suoyi Technology,https://v.qq.com/detail/m/mzc00200qqsk3cv.html,
32353,Bonobono (TV 2016),Bono Bono,ぼのぼの,4-koma manga,3145,6.39,TV,,spring,2016.0,2016-04-02T00:00:00+00:00,Saturdays,Eiken,http://www.bonoanime.jp/,
56553,Kurayukaba,,クラユカバ,Original,3100,,Movie,1.0,,,2024-04-12T00:00:00+00:00,,Team OneOne,https://www.kurayukaba.jp/,kurayukaba
49448,Ni Tian Zhizun,Against The Sky Supreme,逆天至尊,Novel,2917,7.05,ONA,380.0,,,2021-07-16T00:00:00+00:00,,Suoyi Technology,https://v.qq.com/detail/t/mzc00200azkttu2.html,
57798,Shinkalion: Change the World,,シンカリオン チェンジ ザ ワールド,Other,2894,6.15,TV,,spring,2024.0,2024-04-07T00:00:00+00:00,Sundays,Production I.G/ Signal.MD,https://www.shinkalion.com/,shinkalion
51836,Douluo Dalu II: Jueshi Tangmen,Soul Land 2: The Peerless Tang Clan,斗罗大陆Ⅱ绝世唐门,Web novel,2889,7.99,ONA,52.0,,,2023-06-24T00:00:00+00:00,,Sparkly Key Animation Studio,https://v.qq.com/x/cover/mzc00200xf3rir6/v00435igam1.html,
43626,Jue Shi Wu Hun,,绝世武魂,Novel,2863,6.75,ONA,,,,2020-10-25T00:00:00+00:00,,Suoyi Technology,http://www.soyep.cn/productdetails.html?14,
41884,Ling Jian Zun 4th Season,,灵剑尊 第四季,Novel,2827,7.09,ONA,,,,2020-09-08T00:00:00+00:00,,Suoyi Technology,https://v.qq.com/detail/2/2w2legt0g8z26al.html,
54623,Fushigi no Kuni no Succubus,Succubus in Wonderland,不思議の国のサキュバス,Game,2822,5.94,OVA,,,,2023-05-26T00:00:00+00:00,,Majin,,
55003,1LDK + JK Ikinari Doukyo? Micchaku!? Hatsu Ecchi!!?,,1LDK＋J系 いきなり同居？密着！？初エッチ！！？,Manga,2818,6.72,OVA,,,,2023-07-07T00:00:00+00:00,,Studio 1st,https://www.mediabank.co.jp/product.php?model=KNB-M007,
52244,Korashime 2: Kyouikuteki Depaga Shidou,,懲らしめ2～狂育的デパガ指導～,Visual novel,2796,6.48,OVA,,,,2022-09-30T00:00:00+00:00,,PoRO,,
51539,Rabbits Kingdom the Movie,,「ツキウタ。」劇場版 RABBITS KINGDOM THE MOVIE,Music,2792,,Movie,1.0,,,2024-06-14T00:00:00+00:00,,Studio Sign,https://tsukiuta-movie.com/,
56566,Beyblade X,,ベイブレードエックス,Manga,2774,6.81,TV,,fall,2023.0,2023-10-06T00:00:00+00:00,Fridays,OLM,https://beyblade.takaratomy.co.jp/anime/,beyblade_info
48956,Wu Shang Shen Di 2nd Season,,无上神帝 第二季,Novel,2691,6.97,ONA,400.0,,,2021-05-21T00:00:00+00:00,,Ruo Hong Culture,https://v.qq.com/detail/m/mzc00200ilydv1a.html,
50418,Ninjala (TV),,ニンジャラ,Game,2664,5.5,TV,,winter,2022.0,2022-01-08T00:00:00+00:00,Saturdays,OLM,https://www.tv-tokyo.co.jp/anime/ninjala/,Ninjala_JP
53506,Yari Agari,,ヤリ上がり,Original,2617,6.31,OVA,,,,2023-01-27T00:00:00+00:00,,Nur,,
52752,Aoharu Snatch,,アオハルスナッチ,Manga,2587,5.86,OVA,,,,2023-02-17T00:00:00+00:00,,Blue bread,https://www.mediabank.co.jp/product.php?model=QNB-M110,
55145,Okusama no Kaifuku Jutsu The Animation,,奥さまの回復術 THE ANIMATION,Visual novel,2504,6.81,OVA,,,,2023-07-28T00:00:00+00:00,,Seven,https://www.pinkpineapple.co.jp/detail.php?cid=4&did=2409,
54622,Rakuen Shinshoku: Island of the Dead,,楽園侵触 Island of the dead,Visual novel,2356,6.52,OVA,2.0,,,2023-05-26T00:00:00+00:00,,Rabbit Gate,http://showten.info/products/anime/stap027.html,
30088,Ryoutei no Aji,RYOTEI-NO-AJI,料亭の味,Original,2352,6.73,CM,,,,2014-03-28T00:00:00+00:00,,Studio Colorido,http://www.marukome.co.jp/ryotei/cm/index.html,
49743,Tabi wa ni,,旅はに,Original,2273,,OVA,3.0,,,2023-04-08T00:00:00+00:00,,studio hb,https://www.tabihani.com/,tabihani_PR
54142,Cardfight!! Vanguard: Divinez,,カードファイト!! ヴァンガード DivineZ,Original,2262,6.84,TV,13.0,winter,2024.0,2024-01-13T00:00:00+00:00,Saturdays,Kinema Citrus/ GIFTanimation/ Studio Jemi,https://anime.cf-vanguard.com/vgd/,
54907,Shin Yaranai ka,,新・やらないか,Manga,2212,,OVA,1.0,,,2024-04-01T00:00:00+00:00,,Anime Tokyo,https://www.animekusomiso.com/,anime_kusomiso
54353,Kokuhaku……,,告白……,Original,2212,5.97,OVA,,,,2023-04-28T00:00:00+00:00,,Nur,,
56654,Sweet and Hot,,Sweet and Hot,Manga,2202,6.22,OVA,,,,2023-11-10T00:00:00+00:00,,Blue bread,,
48442,Shikaru Neko,,しかるねこ,Manga,2163,,TV,,spring,2021.0,2021-03-22T00:00:00+00:00,,,https://dogatch.jp/feature/shikaruneko/,shikaruneko
55146,Kunoichi Ryoujokuden Ajisai,,くノ一陵辱伝 紫陽花,Game,2130,6.03,OVA,,,,2023-07-28T00:00:00+00:00,,Suzuki Mirano,,
49305,Wan Jie Xian Zong 5th Season,The Wonderland of Ten Thousand 5th Season,万界仙踪 第五季,Web manga,2124,6.81,ONA,,,,2021-06-26T00:00:00+00:00,,Ruo Hong Culture,https://v.qq.com/x/cover/5cuf8ahvxvm2587/a060922tbc6.html,
55463,Odekake Kozame,,おでかけ子ザメ,Manga,2116,7.43,ONA,,,,2023-08-01T00:00:00+00:00,,ENGI,https://odekake-kozame.com/,kozame_info
57044,Fleur The Animation,,フルール THE ANIMATION,Manga,2088,6.84,OVA,,,,2024-01-26T00:00:00+00:00,,Studio 1st,,
4459,Ojarumaru,Prince Mackaroo,おじゃる丸,Original,2086,6.38,TV,,fall,1998.0,1998-10-05T00:00:00+00:00,,Gallop,http://www.nhk.or.jp/anime/ojaru/,
56779,Doukyo Suru Neneki,,同居する粘液,Manga,2054,6.15,OVA,,,,2023-11-10T00:00:00+00:00,,New Generation,https://www.mediabank.co.jp/product.php?model=KNB-M009,
48392,Meijyou,,迷情,Original,2038,5.44,ONA,,,,2021-02-26T00:00:00+00:00,,Poly Animation,https://www.polyanimation.com/meijyou,
55548,So_low,,so_low,Original,1995,5.99,OVA,,,,2023-07-28T00:00:00+00:00,,Nur,,
56153,Mihitsu no Koi,,未必の恋,Original,1963,6.62,OVA,,,,2023-10-27T00:00:00+00:00,,Nur,,
56512,Ane Jiyoku Tsukushi: Neesan no Shitagi,,姉辱尽くし ~姉さんの下着~,Original,1915,6.36,OVA,,,,2023-11-24T00:00:00+00:00,,Nur,,
56778,No Waifu No Life!,,NO 猥婦 NO LIFE！,Manga,1912,5.82,OVA,,,,2024-02-23T00:00:00+00:00,,Blue bread,,
57789,"Ateuma Chara no Kuse shite, Super Darling Ouji ni Chouai sareteimasu.","The Perfect Prince Loves Me, the Side Character?!",当て馬キャラのくせして、 スパダリ王子に寵愛されています。,Manga,1898,,ONA,,,,2024-04-08T00:00:00+00:00,,Studio Hokiboshi,https://atekuse.af-original.com,af_originalBL
56524,Tunshi Xingkong 4th Season,Swallowed Star 4th Season,吞噬星空 第四季,Novel,1890,8.22,ONA,52.0,,,2023-10-03T00:00:00+00:00,,Sparkly Key Animation Studio,,
52765,Wan Jie Du Zun 2nd Season,Ten Thousand Worlds,万界独尊,Novel,1883,6.88,ONA,,,,2022-08-16T00:00:00+00:00,,Ruo Hong Culture,https://v.qq.com/detail/m/mzc00200cu8uq8c.html,
44376,Idol Land PriPara,,アイドルランドプリパラ,Game,1881,7.6,ONA,,,,2021-08-18T00:00:00+00:00,,,https://pripara.jp/idolland/,
55902,Junjou Decamelon,,純情デカメロン,Manga,1818,5.83,OVA,,,,2023-09-01T00:00:00+00:00,,Blue bread,,
42295,Fushigi Dagashiya: Zenitendou,,ふしぎ駄菓子屋 銭天堂,Novel,1818,5.99,TV,,fall,2020.0,2020-09-08T00:00:00+00:00,Tuesdays,Toei Animation/ Gallop/ Kanaban Graphics,http://www.toei-anim.co.jp/tv/zenitendo/,
54849,Nightmare x Deathscythe: Hangyaku no Resonance,,Nightmare×Deathscytheー前編ー叛逆のレゾナンス,Visual novel,1754,5.46,OVA,,,,2023-05-26T00:00:00+00:00,,Anime Antenna Iinkai,https://www.mediabank.co.jp/product.php?model=GBR-028,
55809,Xian Ni,Renegade Immortal,仙逆,Novel,1707,7.78,ONA,76.0,,,2023-09-25T00:00:00+00:00,,BUILD DREAM,https://v.qq.com/x/cover/mzc00200aaogpgh/f00438ktx0i.html,
55849,Night Tail,,ナイトテール,Game,1685,5.97,OVA,,,,2023-09-29T00:00:00+00:00,,Majin,,
37096,Puzzle & Dragon,Puzzle & Dragon,パズドラ,Game,1566,5.83,TV,,spring,2018.0,2018-04-02T00:00:00+00:00,Mondays,Pierrot,https://www.tv-tokyo.co.jp/anime/pad/,
57663,Kui Cheng Shoufu Cong Youxi Kaishi,Losing Money to Be a Tycoon,亏成首富从游戏开始,Web novel,1538,6.99,ONA,,,,2024-02-03T00:00:00+00:00,,Foch Films,,
57915,Suu-funkan no Yell wo,,数分間のエールを,Original,1513,,Movie,1.0,,,2024-06-14T00:00:00+00:00,,Hurray!/ 100studio,https://yell-movie2024.com/,yellmovie_2024
57915,Suu-funkan no Yell wo,,数分間のエールを,Original,1513,,Movie,1.0,,,2024-06-14T00:00:00+00:00,,Hurray!/ 100studio,https://yell-movie2024.com/,yellmovie_2024
56905,Yuusha-hime Miria,,勇者姫ミリア,Game,1463,5.63,OVA,,,,2023-12-22T00:00:00+00:00,,Majin,,
56154,Mahou Touki Lilustear,,魔法闘姫リルスティア,Game,1463,5.37,OVA,,,,2023-10-27T00:00:00+00:00,,Majin,,
38817,Takarasagashi no Natsuyasumi,,たからさがしのなつやすみ,Original,1452,6.41,ONA,,,,2014-02-01T00:00:00+00:00,,,http://www.kap3d.com/wp/,
57946,Himitsu no AiPri,,ひみつのアイプリ,Game,1445,,TV,,spring,2024.0,2024-04-07T00:00:00+00:00,Sundays,OLM/ Dongwoo A&E,https://aipri.jp/anime/,PrettySeriesPR
57946,Himitsu no AiPri,,ひみつのアイプリ,Game,1445,,TV,,spring,2024.0,2024-04-07T00:00:00+00:00,Sundays,OLM/ Dongwoo A&E,https://aipri.jp/anime/,PrettySeriesPR
55151,Da Zhu Zai Nian Fan,The Great Ruler,大主宰年番,Web novel,1438,7.23,ONA,52.0,,,2023-06-30T00:00:00+00:00,,Motion Magic,,
56800,Kozukuri Ninkatsu Bu!,,子作り妊活部!,Light novel,1430,6.28,OVA,,,,2023-11-10T00:00:00+00:00,,Studio 1st,,
51289,Zhe Tian,Shrouding the Heavens,遮天,Web novel,1426,7.11,ONA,52.0,,,2023-05-03T00:00:00+00:00,,Original Force,https://v.qq.com/detail/t/mzc00200n53vkqc.html,
37290,Ani x Para: Anata no Hero wa Dare desu ka,Animation × Paralympic: Who Is Your Hero?,アニ×パラ〜あなたのヒーローは誰ですか〜,Original,1394,6.47,TV Special,,,,2017-11-10T00:00:00+00:00,,Nippon Animation/ Gallop/ TMS Entertainment/ SynergySP/ DLE,http://www.nhk.or.jp/anime/anipara/,
54437,Lian Qi Shi Wan Nian,One Hundred Thousand Years of Qi Refining,炼气十万年,Web novel,1368,7.27,ONA,160.0,,,2023-02-18T00:00:00+00:00,,Suoyi Technology,https://v.qq.com/x/cover/mzc002006n62s11/e0045s2g2eg.html,
53748,Saint Seiya: Knights of the Zodiac - Battle Sanctuary Part 2,Saint Seiya: Knights of the Zodiac - Battle for Sanctuary Part 2,聖闘士星矢：Knights of the Zodiac バトル・サンクチュアリ Part2,Manga,1354,6.41,ONA,,,,2024-04-01T00:00:00+00:00,,Toei Animation,https://www.saintseiya-kotz.com/,
56840,T.P BON,,T・Pぼん,Manga,1337,,ONA,,,,2024-05-02T00:00:00+00:00,,Bones,,
35686,Doraemon (2005) Specials,,ドラえもん (2005) Specials,Unknown,1323,6.7,TV Special,,,,2005-04-15T00:00:00+00:00,,,,
57753,Jantama Kan!!,Mahjong Soul Kan!!,じゃんたま カン!!,Game,1278,,ONA,,,,2024-04-25T00:00:00+00:00,,Alke,https://mahjongsoul-kang.jp/,MahjongSoul_JP
52623,Wangu Shenhua,Ancient Myth,万古神话,Web novel,1263,6.66,ONA,,,,2022-08-15T00:00:00+00:00,,Suoyi Technology,http://www.iqiyi.com/lib/m_5393462347853714.html,
56852,Shunka Shuutou,,旬花蒐陶,Original,1255,5.82,OVA,,,,2023-12-22T00:00:00+00:00,,Nur,,
55512,Mahou Shoujo Noble Rose The Animation,,魔法少女ノーブルローズ THE ANIMATION,Game,1232,5.64,OVA,,,,2023-07-14T00:00:00+00:00,,Anime Antenna Iinkai,,
36639,Shadowverse PVs,Shadowverse,Shadowverse シャドウバース,Card game,1223,5.91,PV,,,,2015-10-16T00:00:00+00:00,,,https://shadowverse.com/special/videos/,
30151,Kamiusagi Rope: Warau Asa ni wa Fukuraitaru tte Maji ssuka!?,,紙兎ロペ 〜笑う朝には福来たるってマジっすか!?,Original,1191,,TV,,fall,2012.0,2012-11-16T00:00:00+00:00,,,http://giftmovie.jp/pc/,
51768,Girigiri Warukunai Watame,Watame Did Borderline Nothing Wrong,ギリギリわるくないわため,Original,1183,6.86,ONA,,,,2022-01-07T00:00:00+00:00,,Hololive Production,,
57501,SiNiSistar,,シニシスタ,Game,1179,5.24,OVA,,,,2024-01-26T00:00:00+00:00,,Majin,,
51554,Kidou Senshi Gundam 00: Revealed Chronicle,Mobile Suit Gundam 00 Revealed Chronicle,機動戦士ガンダム00 Revealed Chronicle,Original,1165,,ONA,,,,2022-04-04T00:00:00+00:00,,,https://tamashii.jp/item_character/gundam_oo_rc/,
57487,Rising Impact,,ライジングインパクト,Manga,1158,,ONA,,,,2024-06-22T00:00:00+00:00,,Lay-duce,,
57487,Rising Impact,,ライジングインパクト,Manga,1158,,ONA,,,,2024-06-22T00:00:00+00:00,,Lay-duce,,
53907,Tom to Jerry (2022),Tom and Jerry,とむとじぇりー,Other,1141,6.29,Special,,,,2022-11-11T00:00:00+00:00,,Fanworks/ Studio Nanahoshi,https://wwws.warnerbros.co.jp/tomandjerry/short-animation/,TomAndJerry_JP
57614,Shadowverse Flame: Arc-hen,,シャドウバースＦ アーク編,Card game,1105,,TV,,spring,2024.0,2024-04-13T00:00:00+00:00,Saturdays,Zexcs,https://anime.shadowverse.jp,shadowverse_anm
57614,Shadowverse Flame: Arc-hen,,シャドウバースＦ アーク編,Card game,1105,,TV,,spring,2024.0,2024-04-13T00:00:00+00:00,Saturdays,Zexcs,https://anime.shadowverse.jp,shadowverse_anm
53477,Binghuo Mochu 2,The Magic Chef of Ice and Fire 2nd Season,冰火魔厨 第二季,Web novel,1093,7.09,ONA,,,,2022-12-03T00:00:00+00:00,,Joicy Studio,,
53449,Hanhua Riji 4th Season,God Troubles Me 4th Season,汉化日记 第四季,Original,1076,,ONA,12.0,,,2024-03-10T00:00:00+00:00,,L²Studio,,
57660,Ojisan de Umeru Ana The Animation,,おじさんで埋める穴 THE ANIMATION,Manga,1054,6.38,OVA,,,,2024-03-29T00:00:00+00:00,,Shion,https://www.pinkpineapple.co.jp/detail.php?did=2453,
57860,69: Itsuwari no Bishou,,69~偽りの微笑~,Original,1026,5.96,OVA,,,,2024-02-22T00:00:00+00:00,,Nur,,
55255,Alien Stage,Alien Stage,ALIEN STAGE (에일리언스테이지),Music,1008,7.53,Music,,,,2022-09-07T00:00:00+00:00,,LICO,,
57067,Fanren Xiu Xian Chuan 3rd Season,A Record of Mortal's Journey to Immortality Season 3,凡人修仙传 第三季,Web novel,985,7.62,ONA,48.0,,,2023-11-25T00:00:00+00:00,,Original Force/ Wonder Cat Animation,,
39222,Move to the Future,Move to the Future,MOVE TO THE FUTURE,Original,961,5.76,CM,,,,2020-01-31T00:00:00+00:00,,Studio Bind/ ROLL2,https://www.the0123.com/anime/,
8336,Hanakappa,,はなかっぱ,Picture book,943,6.04,TV,,spring,2010.0,2010-03-29T00:00:00+00:00,,Xebec/ OLM,http://www.hanakappa.jp/,
55593,Holo no Graffiti Specials,Holo Graffiti Specials,ホロのぐらふぃてぃ,Other,937,6.52,ONA,,,,2019-04-29T00:00:00+00:00,,Hololive Production,https://hololivepro.com,
50522,Teikou Penguin,,テイコウペンギン,Manga,928,,TV,,winter,2022.0,2022-01-05T00:00:00+00:00,Wednesdays,,https://www.tv-tokyo.co.jp/anime/kinder/intro/sakuhin30/,teikoupenguin
10506,Shiawase Haitatsu Taneko,,しあわせ配達おみくじタネコ,Original,902,,TV,,spring,2011.0,2011-03-26T00:00:00+00:00,,Kachidoki Studio,http://kachista.com,
57995,Bai Yao Pu 4th Season,Fairies Albums 4,百妖谱 第四季,Novel,896,,ONA,,,,2024-02-23T00:00:00+00:00,,,,
53534,i☆Ris the Movie: Full Energy!!,,i☆Ris the Movie -Full Energy!!-,Other,823,,Movie,1.0,,,2024-05-17T00:00:00+00:00,,Studio Gokumi,https://iris.dive2ent.com/movie/,iris_official_
57661,Kotowarenai Haha,,断れない母,Manga,765,,OVA,,,,2024-03-15T00:00:00+00:00,,Blue bread,,
35694,Kirin the Noop,Kirin the Noop,キリン・ザ・ヌープ,Original,763,5.18,TV Special,,,,2014-02-06T00:00:00+00:00,,,https://www6.nhk.or.jp/anime/topics/detail.html?i=10286,
58123,Dearest Blue,,ディアレストブルー,Visual novel,751,,OVA,,,,2024-04-26T00:00:00+00:00,,PoRO,,
58123,Dearest Blue,,ディアレストブルー,Visual novel,751,,OVA,,,,2024-04-26T00:00:00+00:00,,PoRO,,
56717,Xian Wu Chuan 2nd Season,Legend of Xianwu 2nd Season,仙武传 第二季,Web novel,745,7.15,ONA,42.0,,,2023-09-24T00:00:00+00:00,,Xiaoming Taiji,,
50898,Shen Wu Tianzun,The Legend of Sky Lord,神武天尊,Manga,729,6.79,ONA,,,,2020-10-05T00:00:00+00:00,,,https://www.iq.com/album/1b4lufwxd7h,
57861,Konomi ja Nai kedo: Mukatsuku Ane to Aishou Batsugun Ecchi,,好みじゃないけど-ムカつく姉と相性抜群エッチ-,Manga,727,,OVA,,,,2024-04-19T00:00:00+00:00,,New Generation,,
50970,Bukusuta The World,,ぶくスタ The WORLD,4-koma manga,705,,Movie,,,,2022-03-04T00:00:00+00:00,,,https://ensemblestars-anime.com/rts/news/?p=217,
57264,Bai Lian Cheng Shen 2nd Season,Apotheosis 2nd Season,百炼成神 第二季,Web novel,673,7.15,ONA,52.0,,,2023-12-08T00:00:00+00:00,,Qingxiang Culture,https://m.youku.com/video/id_XNTkxNTE0MzIwMA==?source=https%3A%2F%2Fmyanimelist.net%2F&s=bdfd61c13f714ae5affc,
57936,Rennyuu Order The Animation,,恋乳オーダー ～おかわり～ THE ANIMATION,Manga,658,,OVA,1.0,,,2024-04-26T00:00:00+00:00,,Studio 1st,https://www.pinkpineapple.co.jp/detail.php?cid=4&did=2457,
57662,Ruins Seeker,,ルインズシーカー,Game,639,,OVA,,,,2024-03-29T00:00:00+00:00,,Majin,,
57442,Shixiong A Shixiong 2nd Season,My Senior Brother Is Too Steady,师兄啊师兄 第二季,Web novel,636,7.27,ONA,26.0,,,2023-12-14T00:00:00+00:00,,Sparkly Key Animation Studio,https://v.youku.com/v_show/id_XNTkzNjcwOTkwOA==.html?s=badbb5792f934ddb82fd&scm=20140719.manual.15366.show_badbb5792f934ddb82fd&spm=a2hja.14919748_WEBCOMIC_JINGXUAN.drawer1.d_zj1_1,
31667,Ponkotsu Quest: Maou to Haken no Mamono-tachi,,ポンコツクエスト～魔王と派遣の魔物たち～,Original,629,,ONA,,,,2013-08-22T00:00:00+00:00,,Pie in the sky,http://www.vap.co.jp/ponque/,
29427,Mori no Ratio,Ratio of Forest,森のレシオ,Unknown,620,,TV Special,,,,2010-03-26T00:00:00+00:00,,,http://www6.nhk.or.jp/anime/topics/detail.html?i=10289,
18941,Shimajirou no Wow!,,しまじろうのわお!,Other,617,,TV,,spring,2012.0,2012-04-02T00:00:00+00:00,Mondays,The Answer Studio,http://www.webtsc.com/prog/anime/shimajiro/,
42804,Onegai Patron-sama!,Dear My Patron,おねがいっパトロンさま！,Original,612,,ONA,,,,2020-10-18T00:00:00+00:00,,TANOsim,https://www.onepato.com/,
38776,Manul no Yuube,,マヌ～ルのゆうべ,Web manga,595,,TV,,fall,2018.0,2018-11-11T00:00:00+00:00,,,http://www.nhk.or.jp/ten5/programs/nature/manul/,
51889,Pokemon Kids TV Douyou,Pokémon Kids TV: Nursery Rhymes,ポケモン Kids TV 童謡 (どうよう),Game,588,,Music,,,,2019-02-01T00:00:00+00:00,,Pie in the sky/ Creatures Inc.,https://youtube.com/c/%E3%83%9D%E3%82%B1%E3%83%A2%E3%83%B3KidsTV,
41880,Crayon Shin-chan Specials,,クレヨンしんちゃん Specials,Manga,586,,Special,,,,1992-12-28T00:00:00+00:00,,Shin-Ei Animation,,
58185,Midareuchi,,みだれうち,Manga,568,,OVA,,,,2024-04-26T00:00:00+00:00,,T-Rex,,
57937,Mebuki The Animation,,雌吹 THE ANIMATION,Manga,563,,OVA,2.0,,,2024-04-26T00:00:00+00:00,,Studio 1st,https://www.pinkpineapple.co.jp/detail.php?cid=4&did=2459,
53443,Dongitsune Season 2,,どんぎつねシーズン2,Other,561,,CM,,,,2022-09-27T00:00:00+00:00,,Studio 4°C/ Telecom Animation Film/ Tatsunoko Production/ Studio Colorido,https://www.donbei.jp/cm1/,
58509,Zhu Xian 2nd Season,Jade Dynasty,诛仙 第二季,Web novel,547,,ONA,26.0,,,2024-03-30T00:00:00+00:00,,Cloud Art,https://v.qq.com/x/cover/mzc00200kwy29cd/r0048fdxget.html,
57351,Zhen Wu Dianfeng 3rd Season,The Peak of True Martial Arts 3rd Season,真武巅峰 第三季,Original,525,,ONA,52.0,,,2023-11-29T00:00:00+00:00,,Ruo Hong Culture,https://m.youku.com/video/id_XNTIwMjI5NDk4OA==.html?,
22669,Gohan Kaijuu Pap,,ごはんかいじゅうパップ,Original,521,,TV,,spring,2011.0,2011-04-25T00:00:00+00:00,,DLE,http://www.mxtv.co.jp/pap/,Gohan_Pap
58121,Kateikyoushi x ** 2 The Animation,,家庭教師X◯◯2 The Animation,Visual novel,512,,OVA,,,,2024-04-05T00:00:00+00:00,,Anime Antenna Iinkai,,
55732,Bu Xing Si: Yuan Qi,Blader Soul,捕星司·源起,Web novel,514,,ONA,18.0,,,2024-02-29T00:00:00+00:00,,,,
56930,Jian Yu Feng Yun 3rd Season,The Legend of Sword Domain 3rd Season,剑域风云 第三季,Original,506,,ONA,,,,2023-10-29T00:00:00+00:00,,Ruo Hong Culture,,
34264,Ninja Bear the Animation★,,忍者ベアーthe Animation★,Original,506,,TV,,,,2017-01-01T00:00:00+00:00,,KOO-KI,http://ninja-bear.com/,
56178,Celia-sensei no Wakuwaku Magical Kyoushitsu Season 2,,精霊幻想記』セリア先生のわくわくまじかる教室season2,Light novel,493,,ONA,,,,2023-08-04T00:00:00+00:00,,AQUA ARIS,,
58278,Kyonyuu Onna Shikan Sennou Saimin,,巨乳女士官・洗脳催眠,Visual novel,492,,OVA,2.0,,,2024-05-31T00:00:00+00:00,,Ryuu M's,https://www.lune-soft.jp/ova/26924,
57613,Wangu Kuang Di,The Proud Emperor of Eternity,万古狂帝,Original,492,,ONA,20.0,,,2024-01-01T00:00:00+00:00,,Ruo Hong Culture,https://v.youku.com/v_show/id_XNjI1MzEwODYwNA==.html,
30119,Yowamushi Monsters,,よわむしモンスターズ,Original,490,,TV,,winter,2013.0,2012-12-25T00:00:00+00:00,,,,
57229,Artiswitch: Ruru's Episodes of Memories,,Artiswitch（アーティスウィッチ）Ruru's Episodes of Memories,Original,489,,ONA,2.0,,,2023-11-20T00:00:00+00:00,,Sunrise,http://artiswitch.com,
57512,Yishi Zhi Zun,Ancient Lords,一世之尊,Web novel,487,,ONA,16.0,,,2024-02-18T00:00:00+00:00,,,,
29375,Robot Pulta,,ロボットパルタ,Unknown,484,,TV Special,,,,1995-04-04T00:00:00+00:00,,,http://www9.nhk.or.jp/anime/petit/paruta.html,
58215,NocturnaL,,NocturnaL,Manga,471,,OVA,,,,2024-04-05T00:00:00+00:00,,Blue bread,,
58122,Succubus ★ Connect!,,サキュバス★コネクト!,Game,460,,OVA,,,,2024-04-26T00:00:00+00:00,,Majin,,
24977,Kana Kana Kazoku,Kanakana Kazoku,かなかなかぞく,Original,454,,ONA,,,,2014-07-26T00:00:00+00:00,,DLE/ Studio Placebo,http://kanakanakazoku.com/,
36724,Felix x Kamiusagi Rope,,「フィリックス」ｘ「紙兎ロペ」,Original,454,,ONA,,,,2017-09-03T00:00:00+00:00,,,https://nestle.jp/brand/felix/campaign/ropecollabo/,
32773,Nintama Rantarou no Uchuu Daibouken with Cosmic Front☆Next,,忍たま乱太郎の宇宙大冒険 with コズミックフロント☆NEXT,Unknown,453,,TV Special,,,,2016-02-11T00:00:00+00:00,,Ajia-do,http://www9.nhk.or.jp/anime/nintama/nintama-cosmic/,
38025,Himitsukessha Taka no Tsume GG,,秘密結社 鷹の爪GG,Original,450,,ONA,,,,2018-07-19T00:00:00+00:00,,,https://ja.wikipedia.org/wiki/%E7%A7%98%E5%AF%86%E7%B5%90%E7%A4%BE%E9%B7%B9%E3%81%AE%E7%88%AA,
58242,Tsuma wo Dousoukai ni Ikasetara,,妻を同窓会にいかせたら,Manga,444,,OVA,,,,2024-05-24T00:00:00+00:00,,Studio 1st,,
33922,"Taka no Tsumedan, Toyama",,鷹の爪団、富山,Original,440,,ONA,,,,2016-04-06T00:00:00+00:00,,DLE,http://perorich-toyama.com/,
35696,Konigiri-kun,,こにぎりくん,Original,431,,TV Special,,,,2015-02-20T00:00:00+00:00,,,http://www.nhk.or.jp/anime/petit/program.html?prg=konigiri,
57600,Cherry Mahou Mini Gekijou,,チェリまほミニ劇場,Manga,427,,ONA,,,,2023-12-22T00:00:00+00:00,,AQUA ARIS,,
51532,Nitian Xie Shen 2nd Season,Against The Gods 2,逆天邪神 第2季,Web novel,427,,ONA,118.0,,,2021-02-05T00:00:00+00:00,,,http://www.jklchem.com/play/7896.html,
29421,Liv & Bell,Liv & Bell,リヴ＆ベル,Unknown,417,,TV Special,,,,2013-02-15T00:00:00+00:00,,,http://www9.nhk.or.jp/anime/petit/livbell.html,
56787,Shaonian Ge Xing: Haiwai Xianshan Pian,,少年歌行 海外仙山篇,Novel,412,,ONA,,,,2023-10-25T00:00:00+00:00,,CG Year,https://www.bilibili.com/bangumi/media/md20328226,
35372,Otoppe,,オトッペ,Original,409,,TV,,spring,2017.0,2017-04-03T00:00:00+00:00,Mondays,,https://www.nhk.or.jp/otoppe/,
34845,Ponkotsu Quest Specials,,ポンコツクエスト 特別編,Original,406,,ONA,,,,2014-03-13T00:00:00+00:00,,Pie in the sky,http://www.vap.co.jp/ponque/,
37850,Elleair x Kamiusagi Rope,,エリエール×紙兎ロペ,Original,401,,ONA,,,,2018-01-03T00:00:00+00:00,,,http://www.elleair.jp/elleair/mop/,
56157,Xi Xing Ji: Nian Fan,The Westward 5th Season,西行纪 年番,Manga,396,,ONA,52.0,,,2023-08-02T00:00:00+00:00,,BYMENT,https://m.v.qq.com/x/m/play?cid=mzc00200ekm0uc8,
34847,Ponkotsu Quest: Maou to Haken no Mamono-tachi Specials,,ポンコツクエスト～魔王と派遣の魔物たち～,Original,385,,Special,,,,2015-12-23T00:00:00+00:00,,,http://www.vap.co.jp/ponque/blu_ray/index.html,
35698,Oidon to,,おいどんと,Original,381,,TV Special,,,,2015-12-02T00:00:00+00:00,,,http://www.nhk.or.jp/anime/petit/program.html?prg=oidon,
56677,Saekomdalkom Catch! Tiniping,,새콤달콤 캐치! 티니핑,Original,379,,TV,26.0,fall,2023.0,2023-09-22T00:00:00+00:00,,SAMG Entertainment,,
24773,Norasco,,野良スコ,Original,379,,ONA,,,,2013-10-11T00:00:00+00:00,,Kachidoki Studio,http://norasco.jp/,
35695,Keito no Yousei: Knit to Wool,,けいとのようせいニットとウール,Original,379,,TV Special,,,,2015-08-24T00:00:00+00:00,,,https://www6.nhk.or.jp/anime/topics/detail.html?i=10007,
57865,Taigu Xing Shen Jue,The Secrets of Star Divine Arts,太古星神诀,Web novel,376,,ONA,40.0,,,2024-01-25T00:00:00+00:00,,Ruo Hong Culture,https://v.youku.com/v_show/id_XNjAzNTczNTU5Mg,
35312,Kamiusagi Rope x TOHO Cinemas (Movies),,紙兎ロペ TOHOシネマズ,Original,374,,Movie,,,,2014-01-11T00:00:00+00:00,,,https://kamiusagi.jp/,
35311,Kamiusagi Rope x TOHO Cinemas,,紙兎ロペ TOHOシネマズ,Original,373,,ONA,,,,2009-11-05T00:00:00+00:00,,,,
34990,Unicorn no Kyupi,,ユニコーンのキュピ,Original,369,,TV Special,,,,2017-03-20T00:00:00+00:00,,qmotri,https://www.nhk.jp/p/petit/ts/5W3G371NR7/episode/te/N78X2PQ9Z7/,
58351,Chibi Godzilla no Gyakushuu 2nd Season,Chibi Godzilla Raids Again Season 2,ちびゴジラの逆襲,Original,367,,TV,,spring,2024.0,2024-04-03T00:00:00+00:00,Wednesdays,Pie in the sky,https://godzilla.store/chibigodzilla/,chibigodzi
38099,Pakkororin,Pakkororin,パッコロリン,Original,362,,TV,,spring,2011.0,2011-03-28T00:00:00+00:00,,,http://www.nhk.or.jp/kids/program/pakkororin.html,
34205,GJ8man,GJ8man,GJ8マン,Unknown,357,,ONA,,,,2016-10-08T00:00:00+00:00,,,http://gj8man.com/,
58057,Dubu Wangu 2nd Season,Glorious Revenge of Ye Feng Season 2,独步万古 第二季,Web novel,356,,ONA,156.0,,,2024-02-09T00:00:00+00:00,,Suoyi Technology,https://v.youku.com/v_show/id_XNjAyNTQxMjU0OA==.html?,
40768,Gaina Tamager,,ガイナタマガー,Original,351,,ONA,13.0,,,2019-12-25T00:00:00+00:00,,Yonago Gainax,http://yonago-gainax.co.jp/,
37678,Aware! Meisaku-kun: Short Douga,,あはれ！名作くん ショート動画,Original,345,,ONA,,,,2018-04-04T00:00:00+00:00,,Pie in the sky,http://meisakukun.com/,
57594,Dan Dao Zhizun,Alchemy Supreme,丹道至尊,Unknown,340,,ONA,,,,2023-12-22T00:00:00+00:00,,Ruo Hong Culture,https://www.iqiyi.com/a_2b49jh3chrt.html,
57877,Sheng Zu,Lord of All Lords,圣祖,Web novel,339,,ONA,26.0,,,2024-01-23T00:00:00+00:00,,,https://v.youku.com/v_show/id_XNjM0ODA0NjMzNg,
30154,Kamiusagi Rope (ONA),,紙兎ロペ,Original,338,,ONA,,,,2013-07-15T00:00:00+00:00,,,http://giftmovie.jp/pc/,
38451,Reizouko no Tsukenosuke!,,れいぞうこのつけのすけ！,Original,334,,TV,,fall,2018.0,2018-10-01T00:00:00+00:00,Mondays,,http://www.ohast.jp/info/181001.php,
41458,Origami Ninja Koyankinte,,おりがみにんじゃ コーヤン＠きんてれ,Unknown,329,,TV,,spring,2020.0,2020-04-07T00:00:00+00:00,Tuesdays,Directions,https://www.tv-tokyo.co.jp/anime/kinder/intro/sakuhin21/,
35590,Aware! Meisaku-kun: DVD Hatsubai Kettei!,,あはれ！名作くん DVD巻発売決定！,Original,326,,ONA,,,,2017-05-05T00:00:00+00:00,,Pie in the sky,http://meisakukun.com/,
57226,Jiu Tian Xuan Di Jue 5th Season,The Success Of Empyrean Xuan Emperor 5th Season,九天玄帝诀 第五季,Original,323,,ONA,,,,2023-11-20T00:00:00+00:00,,Ruo Hong Culture,https://list.youku.com/show/id_efcf7daa538f412e803d.html,
40393,Taka no Tsumedan no Ike! ODAman,,鷹の爪団の 行け！ＯＤＡマン,Original,319,,ONA,,,,2018-09-20T00:00:00+00:00,,,https://www.mofa.go.jp/mofaj/gaiko/oda/press/event/page22_001008.html,
50388,Taiko no Tatsujin Anime Ba-Jon!,,太鼓の達人 アニメば～じょん！,Game,303,,ONA,,,,2021-11-16T00:00:00+00:00,,,,
38097,Hatachi no Ryouma with Kurofune-kun!,,ハタチの龍馬 with クロフネくん！,Original,299,,ONA,,,,2018-08-01T00:00:00+00:00,,DLE,https://shinagawa-kanko.or.jp/featured/20ryoma/,
36543,GJ8man Soushuuhen,"GJ8man ""Highlights""",GJ8マン『総集編』,Original,295,,ONA,,,,2017-10-08T00:00:00+00:00,,,http://gj8man.com/,
52076,Akikan no Tuna,,空き缶のツナ,Original,294,,TV Special,,,,2022-01-17T00:00:00+00:00,,dwarf,https://dw-f.jp/index.html?target=141,
52553,Pokemon Peaceful Place,,ポケピース,Game,292,,ONA,,,,2022-07-29T00:00:00+00:00,,,https://www.pokemon.jp/special/pokepeace/,
32799,Tokio Heidi: Mainichi no Kodomo Uta,,東京ハイジ まいにちのこどもうた,Music,291,,ONA,,,,2011-04-06T00:00:00+00:00,,,,
56773,Wan Jie Zhizun 2nd Season,,万界至尊 第二季,Unknown,288,,ONA,,,,2023-09-28T00:00:00+00:00,,Ruo Hong Culture,https://www.iqiyi.com/a_1whukzj7hip.html,
36700,Yumearu Ugoku Ehon,,ゆめある動く絵本,Other,288,,ONA,,,,2015-03-19T00:00:00+00:00,,,http://www.yumearu-ehon.com,
57314,Qian Xing Ji You PVs,Myriad Celestia Trailers,千星纪游PVs,Game,285,,PV,,,,2023-05-03T00:00:00+00:00,,,,
37343,Working Boys,,ワーキングボーシーズ,Original,283,,TV Special,,,,2018-02-15T00:00:00+00:00,,,http://www.nhk.or.jp/anime/petit/program.html?prg=boushies,
56853,I.Cinnamoroll Animation,,I.CINNAMOROLL Animation,Original,280,,ONA,,,,2023-10-05T00:00:00+00:00,,J.C.Staff,https://i-cinnamoroll.sanrio.co.jp/,
34092,Norasco (Movie),,野良スコ,Original,280,,Movie,,,,2016-09-17T00:00:00+00:00,,Kachidoki Studio,http://www.shitacome.jp/2016/program/program_norasco.html,
35962,Papan Ga Panda!,Papan Ga Panda!,パパンがパンダ！,Original,278,,TV,,,,2012-01-01T00:00:00+00:00,,happyproject,https://www.kids-station.com/minisite/papangapanda/,
58447,Shibuya♡Hachi,,SHIBUYA♡HACHI,Other,276,,TV,,spring,2024.0,2024-04-06T00:00:00+00:00,Saturdays,Nippon Animation,https://www.tv-tokyo.co.jp/anime/shibuya-hachi/,
55572,Moffun to Issho,,,Original,271,,ONA,,,,2023-06-04T00:00:00+00:00,,,https://www.super-sentai-friends.com/topics/121mofu/,
52257,Wo Cong Zhu Tian Wan Jie Guilai,I Return from the Heaven and Worlds,我从诸天万界归来,Web manga,269,,ONA,,,,2021-01-01T00:00:00+00:00,,,https://dianyi.ng/show-7DlSCS.html,
56903,MyGO!!!!! Member no Nichijou,,MyGO!!!!!メンバーの日常,Mixed media,268,,ONA,,,,2022-08-24T00:00:00+00:00,,Studio Moriken,,
55351,Azur Lane CMs,,アズールレーン,Game,260,,CM,,,,2020-04-17T00:00:00+00:00,,Madhouse/ Trigger/ Yostar Pictures,https://www.azurlane.jp/,
54871,Shin Nippon History,,新ニッポンヒストリー,Original,260,,TV,,winter,2020.0,2020-01-06T00:00:00+00:00,Mondays,,https://new-japanese-history.com,
56986,Riseman,,라이즈맨,Original,259,,TV,26.0,fall,2023.0,2023-10-18T00:00:00+00:00,,,,
49598,Rich Keikan Cash!,,リッチ警官 キャッシュ!,Manga,257,,ONA,,,,2021-10-01T00:00:00+00:00,,,,
53408,I Love Me 2nd Season,,アイラブみー,Original,256,,TV,,fall,2022.0,2022-10-23T00:00:00+00:00,,Oddjob,https://www.nhk.jp/p/iloveme/ts/YNY4LQ6174,
58325,Xiao Lu He Xiao Lan 5th Season,Beryl and Sapphire 5th Season,小绿和小蓝 第五季,Web manga,255,,ONA,,,,2024-03-13T00:00:00+00:00,,,https://www.bilibili.com/bangumi/media/md21176738,
57538,Sai-Kyo-Oh! Zukan: The Ultimate Battles,,最強王図鑑 ～The Ultimate Battles～,Book,250,,TV,,winter,2024.0,2024-01-06T00:00:00+00:00,Saturdays,OLM Digital,https://saikyooh.gakken.jp/anime/,
36613,Biju Tune!,Biju Tune!,びじゅチューン！,Original,246,,Music,,,,2013-08-11T00:00:00+00:00,,,http://www.nhk.or.jp/bijutune/,
38926,Koeda-chan,Koeda-chan,こえだちゃん,Other,226,,ONA,,,,2018-11-16T00:00:00+00:00,,,https://www.takaratomy.co.jp/products/koedachan/story/animation.html,
41546,Ninja Box 3rd Season,,ニンジャボックス シーズン３,Game,220,,ONA,,,,2020-03-26T00:00:00+00:00,,,https://ninjabox.bn-ent.net/,
57906,Jian Xian Zai Ci 2nd Season,,剑仙在此 第2季,Web manga,218,,ONA,,,,2024-01-27T00:00:00+00:00,,Xing Yi Kai Chen,https://www.iqiyi.com/v_1koc7phegug.html?vfrm=pcw_album_auto,
38928,Koeda-chan CMs,,こえだちゃん CMs,Other,216,,CM,,,,2014-07-28T00:00:00+00:00,,,https://www.takaratomy.co.jp/products/koedachan/story/cm.html,
51682,Tomica Heroes Jobraver: Tokusou Gattai Robo,,トミカヒーローズ ジョブレイバー 特装合体ロボ,Other,215,,ONA,,,,2022-04-22T00:00:00+00:00,,Infinity Vision,https://www.takaratomy.co.jp/products/tomica/jobraver/anime/,
38927,Koeda-chan Ohanashi,Koeda-chan Story,こえだちゃん おはなし,Other,213,,ONA,,,,2014-07-28T00:00:00+00:00,,,https://www.takaratomy.co.jp/products/koedachan/story/,
52066,Recola,,リコラ,Original,210,,TV Special,,,,2020-09-28T00:00:00+00:00,,,,
41100,Keshikko,Keshiko,ケシっこ,Original,210,,ONA,,,,2019-01-07T00:00:00+00:00,,,http://crux.jp/character/ksk.html,
51563,Lian Ti Shi Wan Ceng: Wo Yang De Gou Dou Shi Dadi,"100,000 Levels of Body Refining",炼体十万层：我养的狗都是大帝,Manga,207,,ONA,200.0,,,2021-09-15T00:00:00+00:00,,,https://www.iqiyi.com/a_13ixy7j9nhd.html,
45677,Yichan Xiao Heshang,,一禅小和尚,Original,204,,ONA,,,,2016-12-15T00:00:00+00:00,,,https://www.iqiyi.com/v_19rra5g6o0.html,
51210,Long Wang Dian 2nd Season,Temple of Dragon King 2nd Season,龙王殿 第二季,Web manga,202,,ONA,75.0,,,2022-01-01T00:00:00+00:00,,,https://v.qq.com/detail/m/mzc00200i3yzasb.html,
52610,Asi Yu Xiao Liangdang,,阿巳与小铃铛,Original,200,,ONA,,,,2020-07-22T00:00:00+00:00,,,https://v.qq.com/detail/t/mzc00200bznlvdt.html,
54065,Xiao Li yu Hupo,Xiao Li and Hupo,小鲤与琥珀,Unknown,199,,ONA,,,,2021-09-01T00:00:00+00:00,,,,
58563,Natsu ga Owaru made: Natsu no Owari The Animation,,夏が終わるまで 夏の終わり The Animation,Manga,186,,OVA,2.0,,,2024-06-28T00:00:00+00:00,,,https://showten.info/products/anime/stap034.html,
58297,Yumiui Sepodeul,Yumi's Cells The Movie,유미의 세포들,Manga,184,,Movie,1.0,,,2024-04-02T00:00:00+00:00,,,,
56484,Cabeon,,카비온,Original,184,,TV,,fall,2023.0,2023-09-02T00:00:00+00:00,,,https://www.cabeon.co.kr/,
58564,Sexfriend no Senpai The Animation,,セフレのセンパイ THE ANIMATION,Manga,181,,OVA,2.0,,,2024-06-28T00:00:00+00:00,,Shion,https://www.pinkpineapple.co.jp/detail.php?cid=4&did=2468,
52227,iichiko Story,iichiko Story,iichiko story,Other,179,,Special,,,,2021-06-24T00:00:00+00:00,,DR Movie/ Chiptune,https://youtu.be/CYeAdB-kgxI,
57357,Shuwawan!,,しゅわわん!,Original,172,,TV,,spring,2023.0,2023-03-22T00:00:00+00:00,,KOO-KI,https://www.nhk.jp/p/shuwawan,
53830,Poporisu & Friends,,ぽぽりす＆フレンズ,Original,171,,TV Special,,,,2021-12-24T00:00:00+00:00,,Studio A. Craft,,
52100,Haru ni Nattara Koguma no Yugo Monogatari,"When Spring Comes The Story of Yugo, A little Bear.",春になったら こぐまのユーゴ物語,Unknown,169,,ONA,,,,2020-05-29T00:00:00+00:00,,,https://www.tomoyasu.net/blank-1-rvh46,
57878,Shenlong Xing Zhu,,神龙星主,Web manga,168,,ONA,,,,2024-01-20T00:00:00+00:00,,Ruo Hong Culture,https://www.iqiyi.com/v_1t0e5y1xfko.html,
57657,Xian Yu Ge 2nd Season,Salted Fish 2nd Season,咸鱼哥 第二季,Original,168,,ONA,,,,2024-02-15T00:00:00+00:00,,,,
58068,Wo Kao Chongzhi Dang Wudi 2nd Season,Make Money To Be King 2nd Season,我靠充值当武帝 第二季,Unknown,167,,ONA,30.0,,,2024-02-24T00:00:00+00:00,,Suoyi Technology,https://v.qq.com/x/cover/mzc00200052vonh/s0048ge0n5y.html,
56993,Nandemo Bakukai! Koyori-chan,Solved with a Bang! Koyori-chan,なんでも爆解！こよりチャン,Other,167,,ONA,,,,2023-08-17T00:00:00+00:00,,,,
54558,Spicy Candy,,スパイシーキャンディ,Original,162,,ONA,,,,2022-12-03T00:00:00+00:00,,Fever Creations,https://www.spicycandy.net,
54919,Otaku-chans,,おたくちゃんズ,Original,161,,ONA,80.0,,,2023-03-16T00:00:00+00:00,,,https://www.fami-geki.com/otakuchanzu/,
48101,Wo Shi Bu Bai Chi,,我是不白吃,Original,160,,ONA,,,,2019-07-31T00:00:00+00:00,,,,
57836,Yun Zhongju San Zi,The Mirage House in the Clouds,云中居三子,Other,153,,ONA,26.0,,,2024-01-17T00:00:00+00:00,,Escape Velocity Animation,https://www.iqiyi.com/v_19rydr8ez4.html,
57744,Magical Fang,,매지컬 팡,Web manga,152,,TV,,winter,2024.0,2024-01-06T00:00:00+00:00,,,https://program.kbs.co.kr/1tv/culture/magicalpang/pc/index.html,
56622,Yankee Hamster Season 4,Delinquent Hamsters Season 4,ヤンキーハムスター シーズン４,Original,152,,ONA,,,,2023-10-06T00:00:00+00:00,,Piso Studio,https://pisostudio.com/delinquent,
58602,YouTuNya 2nd Season,,ユーチューニャー 第2期,Original,147,,TV,,spring,2024.0,2024-04-02T00:00:00+00:00,Tuesdays,Lesprit,https://youtunya.com,
56481,Dino Powers 2,,다이노파워즈 2,Original,147,,TV,26.0,summer,2023.0,2023-07-20T00:00:00+00:00,,,https://program.kbs.co.kr/1tv/culture/dinopowers/pc/index.html,
58494,Yin Shizong Men Zhang Jiao,,隐世宗门掌教,Original,145,,ONA,,,,2024-03-23T00:00:00+00:00,,,https://www.iqiyi.com/v_cwqezivqlc.html,
57131,Choeganggyeongchal Miniforce,,최강경찰 미니특공대,Original,143,,TV,,fall,2023.0,2023-11-28T00:00:00+00:00,,SAMG Entertainment,,
42812,Black Channel,,ブラックチャンネル,Manga,143,,ONA,,,,2020-08-31T00:00:00+00:00,,,,
47572,Huang Doujun,Huang Doujun,黄逗菌,Original,141,,ONA,,,,2021-01-22T00:00:00+00:00,,,,
57532,Sakigake!! Reiwa no Danjuku,,魁!!令和の男塾,Other,140,,ONA,,,,2023-12-18T00:00:00+00:00,,DLE,,
54667,Mukashibanashi no Oheya: Tsutaetai Nihon Mukashibanashi,,むかしばなしのおへや　〜伝えたい日本昔話〜,Other,136,,TV,,summer,2020.0,2020-06-14T00:00:00+00:00,,Oddjob,https://www.fujipan.co.jp/ohanashi,
56560,Shenqi Tushu Guan,,神奇图书馆,Original,134,,TV,,summer,2023.0,2023-08-25T00:00:00+00:00,,,https://v.qq.com/x/cover/mzc00200sr7lw0i.html,
57882,Gasonshi!!: Esper Shoujo to Ninja no Abiko Monogatari,,がそんし！！～エスパー少女と忍者の我孫子物語～,Original,131,,ONA,,,,2023-12-02T00:00:00+00:00,,,https://gasonshi.dekimachi.com/,
58295,Bai Jia Jue Zhi: Jianghu Gui Shi Lu,,百家诀之江湖诡事录,Web novel,130,,ONA,16.0,,,2024-03-03T00:00:00+00:00,,,https://www.iqiyi.com/a_1rloz8d8kj9.html,
56623,Nui Story,,ぬいストーリー,Original,129,,ONA,,,,2023-10-07T00:00:00+00:00,,Piso Studio,https://pisostudio.com,
53020,Kikenshingou Goddess,,危険信号ゴッデス,Original,128,,ONA,,,,2019-02-21T00:00:00+00:00,,Angle,http://angle-llc.co.jp/all/goddess.html,
43696,Bad Mood,,BAD MOOD,Unknown,127,,ONA,,,,2020-10-20T00:00:00+00:00,,,https://badmood.inc/,
50249,Leer he Guoguo,Leer and Guoguo,乐儿和果果,Original,126,,ONA,,,,2021-01-01T00:00:00+00:00,,,https://so.youku.com/search_video/q_乐儿和果果?searchfrom=1,
58493,San Xiuzhi Wang,,散修之王,Original,123,,ONA,,,,2024-04-01T00:00:00+00:00,,,https://v.qq.com/x/cover/mzc002005w509ht/z004668jt5h.html,
57106,Hello Carbot Season 14,,헬로 카봇 시즌14,Original,121,,TV,,fall,2023.0,2023-11-05T00:00:00+00:00,,,https://programs.sbs.co.kr/culture/carbot7/main,
57218,Geomeongsupeul Jikyeola! Birdy Friends,,거멍숲을 지켜라! 버디프렌즈,Original,120,,TV,26.0,fall,2023.0,2023-11-23T00:00:00+00:00,,,https://birdyfriends.com/,
47787,Kaixin Chui Chui,,开心锤锤,Original,120,,ONA,,,,2015-01-01T00:00:00+00:00,,,https://v.sogou.com/series/mnqxe5dpn5xf6nrxhe3dknyjx6vnbrfuxc2lq.html,
58603,Ageo to Tim,,あげおとティム,Web manga,110,,TV,,spring,2024.0,2024-04-02T00:00:00+00:00,Tuesdays,Shogakukan-Shueisha Productions,https://ageototim.com,
56942,Time Slip Shima Kousaku,,タイムスリップ島耕作,Other,108,,ONA,,,,2023-07-21T00:00:00+00:00,,DLE,,
48251,Ppyojogppyojog Pokeugajog,The Forks with Spiky Hands,뾰족뾰족 포크가족,Web manga,106,,ONA,,,,2016-01-01T00:00:00+00:00,,,,
54059,Spookiz 4th Season,,스푸키즈 시즌4,Original,105,,ONA,,,,2020-02-22T00:00:00+00:00,,Keyring,https://blog.naver.com/spookiz,
54361,Umi no Mukashibanashi,,うみのむかしばなし,Original,104,,Movie,,,,2019-02-02T00:00:00+00:00,,,https://uminominwa.jp,
47599,Xiangchang Paidui,,香肠派对,Game,103,,ONA,,,,2018-03-15T00:00:00+00:00,,,https://www.iqiyi.com/a_19rrgzc5gt.html,
58463,Kumarba,,クマーバ,Other,102,,TV,,spring,2024.0,2024-04-06T00:00:00+00:00,,Creative House Pocket,https://kumarba.com/pages/tv-anime,kumarbakids
54071,Spookiz Specials,,스푸키즈,Original,102,,ONA,,,,2014-10-20T00:00:00+00:00,,Keyring,https://blog.naver.com/spookiz,
58376,Xiong Chumo: Xiao Xiao Shijie,,熊出没之小小世界,Original,97,,TV,52.0,spring,2024.0,2024-03-08T00:00:00+00:00,,,,
58379,Larva in Mars,,라바 인 마스,Original,95,,TV,,winter,2024.0,2024-01-13T00:00:00+00:00,,,,
58490,Shen Zhiyi Jiao,Super Xiang,神之一脚,Manga,94,,ONA,,,,2024-04-08T00:00:00+00:00,,,https://www.bilibili.com/bangumi/media/md21083334,
55045,Himawari Girls Mini Anime,,HIMAWARIガールズ ミニアニメ,Original,92,,ONA,,,,2020-12-28T00:00:00+00:00,,,https://www.youtube.com/@himawari-ch,
54873,Takoru TV,,たこるTV,Original,89,,TV,,,,2002-01-01T00:00:00+00:00,,,https://www.tv-osaka.co.jp/ip4/takoruworld/tv,
54129,Mouse Doubutsuen,,マウスどうぶつえん,Original,89,,Movie,,,,2016-08-29T00:00:00+00:00,,Pollyanna Graphics,https://mausu.net/shop/original-anime,
57078,Gei wo Lai ge Xiao Huli,,给我来个小狐狸,Manga,86,,ONA,,,,2023-09-29T00:00:00+00:00,,,,
54783,Kodomo datta Tsurai yo,KodoTsura,こどもだってつらいよ,Original,86,,ONA,,,,2019-07-02T00:00:00+00:00,,Kate Arrow,https://spicyboy.net/kodotsura,
56107,Kaijuu Sekai Seifuku,,かいじゅうせかいせいふく,Web manga,85,,ONA,,,,2020-04-02T00:00:00+00:00,,,,
55394,Jongtama CMs,,雀魂,Game,83,,CM,,,,2020-06-22T00:00:00+00:00,,SILVER LINK./ Yostar Pictures,https://mahjongsoul.com/,
56156,Matatabi Movie Labo,,マタタビムービーラボ,Original,83,,ONA,,,,2020-08-01T00:00:00+00:00,,,,
57464,Zhu Zhu Xia Da Dianying: Xingji Xingdong,,猪猪侠大电影·星际行动,Original,81,,Movie,1.0,,,2024-05-01T00:00:00+00:00,,,,
56118,VSPO! PVs,,ぶいすぽっ!,Original,67,,PV,,,,2022-12-31T00:00:00+00:00,,Studio Bind,,
58499,Dokonjo Gaeru Yanen,,ど根性ガエルやねん,Other,60,,ONA,,,,2024-02-22T00:00:00+00:00,,,https://sukiani.jp,
58569,Kkoma Bus Tayo 7,,꼬마버스 타요 7,Unknown,58,,TV,26.0,winter,2024.0,2024-02-28T00:00:00+00:00,,,https://anikids.ebs.co.kr/anikids/program/show/BA0AC000000000112?main#this,
58380,Cinnamon Anime Damon,,シナモンアニメだもん,Original,54,,ONA,,,,2023-03-03T00:00:00+00:00,,,https://www.sanrio.co.jp/movies/?channel=UCoACtIo4BxcvFBpOyF4WclA,
58604,Youkoso Ninchishou Sekai e,,ようこそ認知症世界へ,Original,53,,TV,,summer,2022.0,2022-08-14T00:00:00+00:00,,,https://www.nhk.jp/p/ts/4YMMNW23JQ,
58608,Rokurou no Daibouken,,ロクローの大ぼうけん,Web manga,51,,ONA,,,,2024-04-01T00:00:00+00:00,,,https://rokurostudio.jp,
58608,Rokurou no Daibouken,,ロクローの大ぼうけん,Web manga,51,,ONA,,,,2024-04-01T00:00:00+00:00,,,https://rokurostudio.jp,
57271,Nissin Yakisoba U.F.O. CMs,,日清焼そばU.F.O. CM,Original,49,,CM,,,,2023-03-08T00:00:00+00:00,,,https://www.nissin-ufo.jp,
58607,Rebirth ChocoReba,,Reバース ちょこりば,Card game,40,,ONA,,,,2024-03-20T00:00:00+00:00,,,https://rebirth-fy.com/anime,
58261,Puppu to Pappa,,プップとパッパ,Original,37,,TV Special,,,,2021-03-24T00:00:00+00:00,,,,
58631,Oshiri Tantei 9th Season,,おしりたんてい,Picture book,31,,TV,,spring,2024.0,2024-04-06T00:00:00+00:00,Saturdays,,https://oshiri-tantei.com,
